time_s,phase,joint_position_rad_1,joint_position_rad_2,joint_position_rad_3,joint_position_rad_4,joint_position_rad_5,joint_position_rad_6,joint_velocity_rad_s_1,joint_velocity_rad_s_2,joint_velocity_rad_s_3,joint_velocity_rad_s_4,joint_velocity_rad_s_5,joint_velocity_rad_s_6,joint_acceleration_rad_s2_1,joint_acceleration_rad_s2_2,joint_acceleration_rad_s2_3,joint_acceleration_rad_s2_4,joint_acceleration_rad_s2_5,joint_acceleration_rad_s2_6
0.0,throw,-4.8674e-05,0.108124062,-0.599756365,-0.000109202,-0.848685707,0.9626949850000001,0.0,0.0,0.0,0.0,0.0,0.0,0.0,0.0,0.0,0.0,0.0,0.0
0.02,throw,-4.867076170728395e-05,0.10811422866666667,-0.5997661983333332,-0.00010919467917560493,-0.8486955403333333,0.9626949812135779,4.829992901234587e-07,-0.001466666666666673,-0.001466666666666673,1.0919196913580288e-06,-0.001466666666666673,-5.647547839522884e-07,4.775100617283969e-05,-0.1450000000000006,-0.1450000000000006,0.00010795117530864236,-0.1450000000000006,-5.583377160509962e-05
0.04,throw,-4.8648532796049385e-05,0.10804672866666667,-0.5998336983333332,-0.00010914442604009877,-0.8487630403333333,0.9626949552219892,1.8880834567901306e-06,-0.005733333333333357,-0.005733333333333357,4.268415209876558e-06,-0.005733333333333357,-2.2076824691420338e-06,9.220849382716081e-05,-0.280000000000001,-0.280000000000001,0.00020845758024691426,-0.280000000000001,-0.00010781728395090659
0.06,throw,-4.858953027e-05,0.107867562,-0.600012865,-0.000109011038032,-0.848942207,0.9626948862318301,4.1493825000000145e-06,-0.012600000000000049,-0.012600000000000049,9.38059100000003e-06,-0.012600000000000049,-4.851777500013037e-06,0.00013337250000000042,-0.40500000000000136,-0.40500000000000136,0.00030151920000000087,-0.40500000000000136,-0.00015595050000038625
0.08,throw,-4.84772885254321e-05,0.10752672866666667,-0.6003536983333333,-0.00010875729050390122,-0.8492830403333333,0.9626947549898154,7.201027160493852e-06,-0.021866666666666746,-0.021866666666666746,1.6279551209876596e-05,-0.021866666666666746,-8.420033580268405e-06,0.00017124306172839555,-0.5200000000000016,-0.5200000000000016,0.0003871360197530874,-0.5200000000000016,-0.00020023338271650396
0.1,throw,-4.829665933641976e-05,0.10697822866666667,-0.6009021983333332,-0.00010834893672839506,-0.8498315403333333,0.9626945437827933,1.0977148919753125e-05,-0.03333333333333345,-0.03333333333333345,2.4816399691358103e-05,-0.03333333333333345,-1.2835443672870552e-05,0.0002058202160493833,-0.6250000000000018,-0.6250000000000018,0.0004653080246913592,-0.6250000000000018,-0.00024066589506222512
0.12,throw,-4.8033811839999996e-05,0.106180062,-0.601700365,-0.000107754707904,-0.8506297070000001,0.96269423643776,1.5411880000000047e-05,-0.04680000000000015,-0.04680000000000015,3.4842240000000094e-05,-0.04680000000000015,-1.80210000000412e-05,0.00023710400000000051,-0.7200000000000016,-0.7200000000000016,0.0005360352000000011,-0.7200000000000016,-0.00027724800000051495
0.14,throw,-4.7676232521358025e-05,0.10509422866666666,-0.6027861983333334,-0.00010694631316108642,-0.8517155403333334,0.962693818321875,2.043935336419759e-05,-0.062066666666666846,-0.062066666666666846,4.6208175395061846e-05,-0.062066666666666846,-2.3899694043261375e-05,0.0002650944506172845,-0.8050000000000017,-0.8050000000000017,0.0005993175308641986,-0.8050000000000017,-0.00030997966049433896
0.16,throw,-4.721272519901235e-05,0.10368672866666666,-0.6041936983333333,-0.00010589843956780245,-0.8531230403333333,0.9626932763424751,2.5993702716049453e-05,-0.07893333333333355,-0.07893333333333355,5.876530883950631e-05,-0.07893333333333355,-3.039451654327142e-05,0.0002897916049382721,-0.8800000000000014,-0.8800000000000014,0.0006551550024691367,-0.8800000000000014,-0.0003388608395066623
0.18,throw,-4.663341101e-05,0.10192756199999999,-0.605952865,-0.00010458875213599999,-0.8548822070000001,0.9626925989470901,3.2009062500000073e-05,-0.09720000000000024,-0.09720000000000024,7.236474300000015e-05,-0.09720000000000024,-3.742845750007097e-05,0.0003111955000000005,-0.9450000000000014,-0.9450000000000014,0.000703547600000001,-0.9450000000000014,-0.00036389150000045047
0.2,throw,-4.592972839506173e-05,0.09979072866666665,-0.6080896983333333,-0.00010299789382716047,-0.8570190403333333,0.9626917761234569,3.8419567901234664e-05,-0.11666666666666695,-0.11666666666666695,8.685758024691376e-05,-0.11666666666666695,-4.4924506172918974e-05,0.0003293061728395066,-1.0000000000000013,-1.0000000000000013,0.0007444953086419761,-1.0000000000000013,-0.00038507160493866883
0.22,throw,-4.5094433083827154e-05,0.09725422866666665,-0.6106261983333333,-0.00010110948555832098,-0.8595555403333334,0.9626907993995347,4.5159354845679105e-05,-0.1371333333333336,-0.1371333333333336,0.00010209492265432117,-0.1371333333333336,-5.280565108033369e-05,0.0003441236604938275,-1.0450000000000008,-1.0450000000000008,0.0007779981135802474,-1.0450000000000008,-0.00040240111728428264
0.24,throw,-4.4121598079999994e-05,0.09430006199999998,-0.613580365,-9.891012620799998e-05,-0.8625097070000001,0.9626896618435201,5.21625600000001e-05,-0.15840000000000032,-0.15840000000000032,0.00011792787200000019,-0.15840000000000032,-6.0994880000092685e-05,0.00035564800000000013,-1.0800000000000003,-1.0800000000000003,0.000804056,-1.0800000000000003,-0.00041588000000025726
0.26,throw,-4.30066136465432e-05,0.09091422866666662,-0.6169661983333333,-9.638939262212343e-05,-0.8658955403333334,0.9626883580638609,5.936332077160506e-05,-0.18026666666666702,-0.18026666666666702,0.00013420752976543233,-0.18026666666666702,-6.941517996923285e-05,0.00036387922839506176,-1.105,-1.105,0.0008226689530864195,-1.105,-0.00042550821604955797
0.28,throw,-4.1746187290864177e-05,0.08708672866666661,-0.6207936983333333,-9.353983961995058e-05,-0.8697230403333334,0.9626868842092722,6.669577530864207e-05,-0.20253333333333362,-0.20253333333333362,0.00015078499713580264,-0.20253333333333362,-7.798953728405027e-05,0.00036881738271604935,-1.1199999999999997,-1.1199999999999997,0.000833836958024691,-1.1199999999999997,-0.00043128572839515046
0.3,throw,-4.033834374999999e-05,0.08281156199999995,-0.625068865,-9.035699999999998e-05,-0.8739982070000001,0.96268523796875,7.40940625000001e-05,-0.22500000000000034,-0.22500000000000034,0.0001675113750000002,-0.22500000000000034,-8.664093750010055e-05,0.0003704624999999998,-1.1249999999999991,-1.1249999999999991,0.0008375599999999992,-1.1249999999999991,-0.00043321249999999956
0.32,throw,-3.878242497580245e-05,0.0780867286666666,-0.6297936983333334,-8.683938454597528e-05,-0.8787230403333335,0.9626834185715871,8.149232197530873e-05,-0.24746666666666695,-0.24746666666666695,0.00018423776395061744,-0.24746666666666695,-9.529236543219841e-05,0.0003688146172839503,-1.1199999999999988,-1.1199999999999988,0.0008338380641975298,-1.1199999999999988,-0.0004312884938270711
0.34,throw,-3.707909012012344e-05,0.07291422866666661,-0.6349661983333333,-8.298848203269132e-05,-0.8838955403333334,0.9626814267873872,8.882469410493839e-05,-0.2697333333333336,-0.2697333333333336,0.00020081526428395076,-0.2697333333333336,-0.00010386680515441799,0.0003638737716049379,-1.1049999999999984,-1.1049999999999984,0.0008226711358024679,-1.1049999999999984,-0.0004255136728393301
0.36,throw,-3.523031551999998e-05,0.06730006199999994,-0.640580365,-7.880875923199996e-05,-0.8895097070000001,0.96267926492608,9.602532000000008e-05,-0.29160000000000025,-0.29160000000000025,0.00021709497600000006,-0.29160000000000025,-0.00011228724000009265,0.0003556399999999996,-1.0799999999999987,-1.0799999999999987,0.000804059199999999,-1.0799999999999987,-0.00041588799999974207
0.38,throw,-3.323939468283948e-05,0.061254228666666605,-0.6466261983333333,-7.4307660918716e-05,-0.8955555403333334,0.9626769368379358,0.00010302834151234576,-0.31286666666666685,-0.31286666666666685,0.0002329279988024692,-0.31286666666666685,-0.00012047665256181513,0.00034411333950617237,-1.0449999999999984,-1.0449999999999984,0.0007780022419753075,-1.0449999999999984,-0.00040241143827127234
0.4,throw,-3.111093827160491e-05,0.05479072866666658,-0.6530896983333334,-6.949560987654316e-05,-0.9020190403333335,0.9626744479135804,0.00010976790123456799,-0.33333333333333354,-0.33333333333333354,0.0002481654320987655,-0.33333333333333354,-0.00012835802469143745,0.00032929382716049335,-0.9999999999999978,-0.9999999999999978,0.0007445002469135787,-0.9999999999999978,-0.00038508395061688614
0.42,throw,-2.885087408999998e-05,0.04792756199999994,-0.659952865,-6.438600690399996e-05,-0.9088822070000001,0.9626718050840101,0.00011617814250000001,-0.3528,-0.3528,0.000262658375,-0.3528,-0.00013585433750007086,0.00031118149999999963,-0.9449999999999985,-0.9449999999999985,0.0007035531999999985,-0.9449999999999985,-0.0003639054999995491
0.44,throw,-2.6466447067654297e-05,0.0406867286666666,-0.6671936983333333,-5.899523082034564e-05,-0.9161230403333334,0.9626690168206065,0.0001221932093827161,-0.3710666666666667,-0.3710666666666667,0.00027625792632098766,-0.3710666666666667,-0.00014288857135808615,0.00028977639506172785,-0.8799999999999981,-0.8799999999999981,0.0006551610864197514,-0.8799999999999981,-0.00033887604938222617
0.46,throw,-2.3966219245308615e-05,0.03309422866666659,-0.6747861983333333,-5.334263847150614e-05,-0.9237155403333334,0.9626660931351511,0.0001277472466975309,-0.38793333333333335,-0.38793333333333335,0.0002888151845802469,-0.38793333333333335,-0.00014938370589511314,0.0002650785493827155,-0.8049999999999979,-0.8049999999999979,0.0005993238913580231,-0.8049999999999979,-0.00030999556172788293
0.48,throw,-2.1360069759999977e-05,0.025180061999999948,-0.682700365,-4.7450564735999976e-05,-0.931629707,0.9626630455798401,0.00013277440000000003,-0.40320000000000006,-0.40320000000000006,0.00030018124799999994,-0.40320000000000006,-0.00015526272000004112,0.00023708799999999923,-0.7199999999999971,-0.7199999999999971,0.0005360415999999982,-0.7199999999999971,-0.0002772639999994847
0.5,throw,-1.8659194830246888e-05,0.016978228666666595,-0.6909021983333333,-4.134432253086416e-05,-0.9398315403333334,0.9626598872472993,0.00013720881558641973,-0.41666666666666663,-0.41666666666666663,0.0003102072145061727,-0.41666666666666663,-0.00016044859182101862,0.00020580478395061663,-0.6249999999999982,-0.6249999999999982,0.0004653141975308624,-0.6249999999999982,-0.00024068132715999698
0.52,throw,-1.5876107741234545e-05,0.00852672866666658,-0.6993536983333334,-3.505220281758022e-05,-0.9482830403333334,0.9626566327705995,0.00014098464049382722,-0.42813333333333337,-0.42813333333333337,0.000318744181728395,-0.42813333333333337,-0.00016486429876545354,0.00017122893827160434,-0.5199999999999978,-0.5199999999999978,0.0003871416691358007,-0.5199999999999978,-0.00020024750617238436
0.54,throw,-1.302463882999998e-05,-0.000132438000000068,-0.708012865,-2.8605474607999956e-05,-0.9569422070000001,0.96265329832327,0.0001440360225,-0.4373999999999997,-0.4373999999999997,0.0003256432469999997,-0.4373999999999997,-0.00016843281750001293,0.00013336049999999964,-0.4049999999999989,-0.4049999999999989,0.00030152399999999876,-0.4049999999999989,-0.0001559624999996137
0.56,throw,-1.0119935470617245e-05,-0.008953271333333429,-0.7168336983333334,-2.2038384970271557e-05,-0.9657630403333335,0.9626499016193146,0.00014629711012345673,-0.44426666666666637,-0.44426666666666637,0.0003307555073580245,-0.44426666666666637,-0.0001710771239506233,9.219950617283938e-05,-0.2799999999999989,-0.2799999999999989,0.00020846117530864093,-0.2799999999999989,-0.00010782627160464903
0.58,throw,-7.1784620593827035e-06,-0.017885771333333383,-0.7257661983333333,-1.538815903476544e-05,-0.9746955403333334,0.9626464619132259,0.0001477020526234568,-0.4485333333333331,-0.4485333333333331,0.00033393205954320966,-0.4485333333333331,-0.00017272019330247072,4.774599382716062e-05,-0.14499999999999957,-0.14499999999999957,0.00010795318024691336,-0.14499999999999957,-5.5838783950456095e-05
0.6,throw,-4.2179999999999925e-06,-0.026875938000000044,-0.734756365,-8.69500000000001e-06,-0.983685707,0.962643,0.00014818500000000006,-0.45000000000000007,-0.45000000000000007,0.00033502400000000006,-0.45000000000000007,-0.0001732849999999999,0.0,0.0,0.0,0.0,0.0,0.0
0.62,followthrough,-1.2575382927160495e-06,-0.03586610466666667,-0.7437465316666667,-2.001840613135803e-06,-0.9926758736666668,0.9626395380867743,0.00014770200070987654,-0.44853333333333334,-0.44853333333333334,0.00033393211145679014,-0.44853333333333334,-0.00017272019330246503,-4.775100617283969e-05,0.1450000000000006,0.1450000000000006,-0.000107948167901235,0.1450000000000006,5.5838783951012874e-05
0.64,followthrough,1.6839327960493827e-06,-0.044798604666666665,-0.7526790316666667,4.648387644839504e-06,-1.0016083736666666,0.9626360983806855,0.00014629691654320987,-0.4442666666666667,-0.4442666666666667,0.0003307557009382716,-0.4442666666666667,-0.000171077123950602,-9.220849382716081e-05,0.280000000000001,0.280000000000001,-0.00020845218765432174,0.280000000000001,0.0001078262716056476
0.6599999999999999,followthrough,4.5886302699999995e-06,-0.05361943799999999,-0.761499865,1.1215483168e-05,-1.010429207,0.96263270167673,0.00014403561749999998,-0.43739999999999996,-0.43739999999999996,0.000325643652,-0.43739999999999996,-0.00016843281749996805,-0.00013337250000000042,0.40500000000000136,0.40500000000000136,-0.00030151200000000096,0.40500000000000136,0.00015596250000094705
0.6799999999999999,followthrough,7.440088525432098e-06,-0.062278604666666675,-0.7701590316666667,1.7662222033382712e-05,-1.0190883736666667,0.9626293672294005,0.00014098397283950615,-0.42813333333333325,-0.42813333333333325,0.000318744849382716,-0.42813333333333325,-0.0001648642987653794,-0.00017124306172839555,0.5200000000000016,0.5200000000000016,-0.0003871275456790135,0.5200000000000016,0.00020024750617395412
0.7,followthrough,1.022315933641975e-05,-0.07073010466666667,-0.7786105316666666,2.3954358024691357e-05,-1.0275398736666665,0.9626261127527007,0.0001372078510802469,-0.4166666666666666,-0.4166666666666666,0.0003102081790123456,-0.4166666666666666,-0.00016044859182091152,-0.0002058202160493833,0.6250000000000018,0.6250000000000018,-0.00046529876543210014,0.6250000000000018,0.00024068132716171178
0.72,followthrough,1.2924011839999997e-05,-0.078931938,-0.786812365,3.0060622655999996e-05,-1.035741707,0.9626229544201601,0.00013277311999999997,-0.4031999999999999,-0.4031999999999999,0.00030018252799999986,-0.4031999999999999,-0.00015526271999989898,-0.00023710400000000051,0.7200000000000016,0.7200000000000016,-0.0005360256000000012,0.7200000000000016,0.0002772640000012627
0.74,followthrough,1.5530132521358025e-05,-0.08684610466666667,-0.7947265316666666,3.5952725195456783e-05,-1.0436558736666666,0.962619906864849,0.00012774564663580243,-0.38793333333333313,-0.38793333333333313,0.00028881678464197515,-0.38793333333333313,-0.00014938370589493544,-0.0002650944506172845,0.8050000000000017,0.8050000000000017,-0.000599307990123458,0.8050000000000017,0.00030999556172964997
0.76,followthrough,1.8030325199012343e-05,-0.09443860466666666,-0.8023190316666666,4.1605352688987646e-05,-1.0512483736666667,0.9626169831793937,0.00012219129728395056,-0.3710666666666665,-0.3710666666666665,0.00027625983841975295,-0.3710666666666665,-0.00014288857135787378,-0.0002897916049382721,0.8800000000000014,0.8800000000000014,-0.0006551458765432108,0.8800000000000014,0.00033887604938391633
0.78,followthrough,2.0414711009999996e-05,-0.10167943799999998,-0.8095598649999999,4.699616998399999e-05,-1.058489207,0.9626141949159901,0.00011617593749999992,-0.3527999999999998,-0.3527999999999998,0.0002626605799999998,-0.3527999999999998,-0.00013585433749982597,-0.0003111955000000005,0.9450000000000014,0.9450000000000014,-0.0007035392000000009,0.9450000000000014,0.00036390550000110484
0.8,followthrough,2.267472839506172e-05,-0.10854260466666665,-0.8164230316666666,5.21058197530864e-05,-1.0653523736666666,0.9626115520864198,0.00010976543209876535,-0.33333333333333304,-0.33333333333333304,0.0002481679012345677,-0.33333333333333304,-0.00012835802469116314,-0.0003293061728395066,1.0000000000000013,1.0000000000000013,-0.0007444879012345688,1.0000000000000013,0.0003850839506182582
0.82,followthrough,2.480313308382715e-05,-0.11500610466666665,-0.8228865316666666,5.691792251772839e-05,-1.0718158736666668,0.9626090631620643,0.00010302564515432089,-0.31286666666666635,-0.31286666666666635,0.00023293069516049366,-0.31286666666666635,-0.0001204766525615156,-0.0003441236604938275,1.0450000000000008,1.0450000000000008,-0.0007779919209876549,1.0450000000000008,0.0004024114382724193
0.84,followthrough,2.679399807999999e-05,-0.12105193799999997,-0.8289323649999999,6.141907667199998e-05,-1.077861707,0.96260673507392,9.60224399999999e-05,-0.2915999999999997,-0.2915999999999997,0.0002170978559999998,-0.2915999999999997,-0.0001122872399997727,-0.00035564800000000013,1.0800000000000003,1.0800000000000003,-0.0008040512,1.0800000000000003,0.0004158880000006311
0.86,followthrough,2.8642713646543198e-05,-0.12666610466666664,-0.8345465316666666,6.559885850627158e-05,-1.0834758736666668,0.9626045732126127,8.882167922839495e-05,-0.269733333333333,-0.269733333333333,0.0002008182791604936,-0.269733333333333,-0.00010386680515408305,-0.00036387922839506176,1.105,1.105,-0.0008226656790123456,1.105,0.00042551367283993663
0.88,followthrough,3.0345987290864187e-05,-0.13183860466666664,-0.8397190316666666,6.944982223091357e-05,-1.0886483736666668,0.9626025814284129,8.148922469135793e-05,-0.2474666666666664,-0.2474666666666664,0.0001842408612345677,-0.2474666666666664,-9.529236543185434e-05,-0.00036881738271604935,1.1199999999999997,1.1199999999999997,-0.0008338352987654318,1.1199999999999997,0.0004312884938273785
0.8999999999999999,followthrough,3.190184374999999e-05,-0.13656343799999995,-0.8444438649999999,7.296749999999998e-05,-1.093373207,0.96260076203125,7.40909374999999e-05,-0.22499999999999967,-0.22499999999999967,0.0001675144999999998,-0.22499999999999967,-8.664093749975338e-05,-0.0003704624999999998,1.1249999999999991,1.1249999999999991,-0.0008375599999999989,1.1249999999999991,0.0004332124999999996
0.9199999999999999,followthrough,3.330962497580245e-05,-0.14083860466666662,-0.8487190316666665,7.61504019350123e-05,-1.0976483736666667,0.962599115790728,6.669267802469127e-05,-0.20253333333333307,-0.20253333333333307,0.00015078809441975295,-0.20253333333333307,-7.798953728370619e-05,-0.0003688146172839503,1.1199999999999988,1.1199999999999988,-0.000833839723456789,1.1199999999999988,0.00043128572839484314
0.94,followthrough,3.4569990120123436e-05,-0.1446661046666666,-0.8525465316666666,7.900001614854318e-05,-1.1014758736666668,0.9625976419361392,5.936030589506162e-05,-0.18026666666666638,-0.18026666666666638,0.00013421054464197513,-0.18026666666666638,-6.941517996889788e-05,-0.0003638737716049379,1.1049999999999984,1.1049999999999984,-0.0008226744098765418,1.1049999999999984,0.00042550821604895174
0.96,followthrough,3.568491551999998e-05,-0.1480519379999999,-0.8559323649999999,8.152080876799996e-05,-1.104861707,0.96259633815648,5.2159679999999925e-05,-0.15839999999999976,-0.15839999999999976,0.0001179307519999999,-0.15839999999999976,-6.099487999977274e-05,-0.0003556399999999996,1.0799999999999987,1.0799999999999987,-0.0008040639999999986,1.0799999999999987,0.00041587999999936843
0.98,followthrough,3.6657694682839476e-05,-0.1510061046666666,-0.8588865316666665,8.372022395930858e-05,-1.1078158736666666,0.9625952006004653,4.515665848765424e-05,-0.13713333333333316,-0.13713333333333316,0.00010209761901234555,-0.13713333333333316,-5.280565108003416e-05,-0.00034411333950617237,1.0449999999999984,1.0449999999999984,-0.0007780084345678994,1.0449999999999984,0.0004024011172831358
1.0,followthrough,3.7492938271604915e-05,-0.15354260466666658,-0.8614230316666666,8.560868395061722e-05,-1.1103523736666667,0.9625942238765433,3.841709876543201e-05,-0.11666666666666647,-0.11666666666666647,8.686004938271595e-05,-0.11666666666666647,-4.492450617264466e-05,-0.00032929382716049335,0.9999999999999978,0.9999999999999978,-0.000744507654320986,0.9999999999999978,0.00038507160493729705
1.02,followthrough,3.819657408999998e-05,-0.15567943799999995,-0.8635598649999999,8.719958905599997e-05,-1.1124892069999999,0.9625934010529101,3.2006857499999994e-05,-0.09720000000000001,-0.09720000000000001,7.236694800000009e-05,-0.09720000000000001,-3.7428457499826036e-05,-0.00031118149999999963,0.9449999999999985,0.9449999999999985,-0.0007035615999999984,0.9449999999999985,0.000363891499998895
1.04,followthrough,3.8775847067654294e-05,-0.1574386046666666,-0.8653190316666666,8.850931769916047e-05,-1.1142483736666666,0.962592723657525,2.599179061728391e-05,-0.0789333333333333,-0.0789333333333333,5.876722093827168e-05,-0.0789333333333333,-3.0394516543059025e-05,-0.00028977639506172785,0.8799999999999981,0.8799999999999981,-0.0006551702123456771,0.8799999999999981,0.00033886083950497223
1.06,followthrough,3.9239319245308616e-05,-0.1588461046666666,-0.8667265316666666,8.955722643713576e-05,-1.1156558736666666,0.9625921816781252,2.0437753302469117e-05,-0.06206666666666666,-0.06206666666666666,4.6209775456790216e-05,-0.06206666666666666,-2.389969404308366e-05,-0.0002650785493827155,0.8049999999999979,0.8049999999999979,-0.0005993334320987635,0.8049999999999979,0.00030997966049257203
1.08,followthrough,3.9596869759999975e-05,-0.15993193799999994,-0.8678123649999999,9.036564998399997e-05,-1.1167417069999999,0.9625917635622401,1.5410599999999977e-05,-0.04679999999999995,-0.04679999999999995,3.484352000000004e-05,-0.04679999999999995,-1.8020999999899016e-05,-0.00023708799999999923,0.7199999999999971,0.7199999999999971,-0.0005360511999999975,0.7199999999999971,0.000277247999998737
1.1,followthrough,3.9859694830246886e-05,-0.1607301046666666,-0.8686105316666666,9.095990123456787e-05,-1.1175398736666666,0.9625914562172069,1.097618441358027e-05,-0.03333333333333338,-0.03333333333333338,2.4817364197531077e-05,-0.03333333333333338,-1.283544367276348e-05,-0.00020580478395061663,0.6249999999999982,0.6249999999999982,-0.0004653234567901215,0.6249999999999982,0.00024066589506051023
1.12,followthrough,4.0040307741234544e-05,-0.1612786046666666,-0.8691590316666665,9.136827128809874e-05,-1.1180883736666667,0.9625912450101848,7.200359506172782e-06,-0.02186666666666659,-0.02186666666666659,1.6280218864197626e-05,-0.02186666666666659,-8.420033580194266e-06,-0.00017122893827160434,0.5199999999999978,0.5199999999999978,-0.0003871501432098747,0.5199999999999978,0.00020023338271493458
1.1400000000000001,followthrough,4.015253882999998e-05,-0.16161943799999995,-0.869499865,9.162202947199998e-05,-1.118429207,0.9625911137681701,4.148977500000012e-06,-0.012600000000000278,-0.012600000000000278,9.380996000000216e-06,-0.012600000000000278,-4.85177749996816e-06,-0.00013336049999999964,0.4049999999999989,0.4049999999999989,-0.0003015311999999986,0.4049999999999989,0.00015595049999905298
1.1600000000000001,followthrough,4.021153547061726e-05,-0.16179860466666662,-0.8696790316666665,9.175542336553084e-05,-1.1186083736666665,0.9625910447780109,1.8878898765432796e-06,-0.00573333333333359,-0.00573333333333359,4.268608790123653e-06,-0.00573333333333359,-2.2076824691206055e-06,-9.219950617283938e-05,0.2799999999999989,0.2799999999999989,-0.00020846656790123345,0.2799999999999989,0.00010781728394990793
1.18,followthrough,4.0233762059382705e-05,-0.16186610466666662,-0.8697465316666666,9.180567882350616e-05,-1.1186758736666667,0.9625910187864223,4.829473765432081e-07,-0.0014666666666668382,-0.0014666666666668382,1.0919716049384793e-06,-0.0014666666666668382,-5.647547839465424e-07,-4.774599382716062e-05,0.14499999999999957,0.14499999999999957,-0.00010795618765432023,0.14499999999999957,5.583377160454299e-05
1.2,followthrough,4.0236999999999994e-05,-0.16187593799999994,-0.869756365,9.181300000000001e-05,-1.118685707,0.9625910150000001,-5.421010862427522e-20,1.1102230246251565e-16,1.1102230246251565e-16,1.0842021724855044e-19,1.1102230246251565e-16,0.0,0.0,0.0,0.0,4.336808689942018e-19,0.0,0.0
